"ITTER107","Territory","TIPO_DATO15","Demographic data type","SEXISTAT1","Gender","ETA1","Age","TIME","Select time","Value","Flag Codes","Flags"
"IT","Italy","JAN","population on 1st January","9","total","TOTAL","total","2015","2015",5014437,,
"ITC","Nord-ovest","JAN","population on 1st January","9","total","TOTAL","total","2015","2015",1725540,,
"ITC1","Piemonte","JAN","population on 1st January","9","total","TOTAL","total","2015","2015",425448,,
"ITC11","Torino","JAN","population on 1st January","9","total","TOTAL","total","2015","2015",222744,,
"ITC12","Vercelli","JAN","population on 1st January","9","total","TOTAL","total","2015","2015",14009,,
"ITC13","Biella","JAN","population on 1st January","9","total","TOTAL","total","2015","2015",10488,,
"ITC14","Verbano-Cusio-Ossola","JAN","population on 1st January","9","total","TOTAL","total","2015","2015",9779,,
"ITC15","Novara","JAN","population on 1st January","9","total","TOTAL","total","2015","2015",37429,,
"ITC16","Cuneo","JAN","population on 1st January","9","total","TOTAL","total","2015","2015",60711,,
"ITC17","Asti","JAN","population on 1st January","9","total","TOTAL","total","2015","2015",25281,,
"ITC18","Alessandria","JAN","population on 1st January","9","total","TOTAL","total","2015","2015",45007,,
"ITC2","Valle d'Aosta / Vallée d'Aoste","JAN","population on 1st January","9","total","TOTAL","total","2015","2015",9075,,
"ITC20","Valle d'Aosta / Vallée d'Aoste","JAN","population on 1st January","9","total","TOTAL","total","2015","2015",9075,,
"ITC3","Liguria","JAN","population on 1st January","9","total","TOTAL","total","2015","2015",138697,,
"ITC31","Imperia","JAN","population on 1st January","9","total","TOTAL","total","2015","2015",23104,,
"ITC32","Savona","JAN","population on 1st January","9","total","TOTAL","total","2015","2015",23957,,
"ITC33","Genova","JAN","population on 1st January","9","total","TOTAL","total","2015","2015",73210,,
"ITC34","La Spezia","JAN","population on 1st January","9","total","TOTAL","total","2015","2015",18426,,
"ITC4","Lombardia","JAN","population on 1st January","9","total","TOTAL","total","2015","2015",1152320,,
"ITC41","Varese","JAN","population on 1st January","9","total","TOTAL","total","2015","2015",76999,,
"ITC42","Como","JAN","population on 1st January","9","total","TOTAL","total","2015","2015",49286,,
"ITC43","Lecco","JAN","population on 1st January","9","total","TOTAL","total","2015","2015",27910,,
"ITC44","Sondrio","JAN","population on 1st January","9","total","TOTAL","total","2015","2015",9195,,
"ITC45","Milano","JAN","population on 1st January","9","total","TOTAL","total","2015","2015",439308,,
"ITC46","Bergamo","JAN","population on 1st January","9","total","TOTAL","total","2015","2015",127809,,
"ITC47","Brescia","JAN","population on 1st January","9","total","TOTAL","total","2015","2015",166642,,
"ITC48","Pavia","JAN","population on 1st January","9","total","TOTAL","total","2015","2015",58524,,
"ITC49","Lodi","JAN","population on 1st January","9","total","TOTAL","total","2015","2015",26838,,
"ITC4A","Cremona","JAN","population on 1st January","9","total","TOTAL","total","2015","2015",41448,,
"ITC4B","Mantova","JAN","population on 1st January","9","total","TOTAL","total","2015","2015",54149,,
"ITD","Nord-est","JAN","population on 1st January","9","total","TOTAL","total","2015","2015",1252013,,
"ITD1","Provincia Autonoma Bolzano / Bozen","JAN","population on 1st January","9","total","TOTAL","total","2015","2015",46045,,
"ITD10","Bolzano / Bozen","JAN","population on 1st January","9","total","TOTAL","total","2015","2015",46045,,
"ITD2","Provincia Autonoma Trento","JAN","population on 1st January","9","total","TOTAL","total","2015","2015",50104,,
"ITD20","Trento","JAN","population on 1st January","9","total","TOTAL","total","2015","2015",50104,,
"ITD3","Veneto","JAN","population on 1st January","9","total","TOTAL","total","2015","2015",511558,,
"ITD31","Verona","JAN","population on 1st January","9","total","TOTAL","total","2015","2015",109768,,
"ITD32","Vicenza","JAN","population on 1st January","9","total","TOTAL","total","2015","2015",92156,,
"ITD33","Belluno","JAN","population on 1st January","9","total","TOTAL","total","2015","2015",12956,,
"ITD34","Treviso","JAN","population on 1st January","9","total","TOTAL","total","2015","2015",98977,,
"ITD35","Venezia","JAN","population on 1st January","9","total","TOTAL","total","2015","2015",81782,,
"ITD36","Padova","JAN","population on 1st January","9","total","TOTAL","total","2015","2015",96719,,
"ITD37","Rovigo","JAN","population on 1st January","9","total","TOTAL","total","2015","2015",19200,,
"ITD4","Friuli-Venezia Giulia","JAN","population on 1st January","9","total","TOTAL","total","2015","2015",107559,,
"ITD41","Pordenone","JAN","population on 1st January","9","total","TOTAL","total","2015","2015",33817,,
"ITD42","Udine","JAN","population on 1st January","9","total","TOTAL","total","2015","2015",41133,,
"ITD43","Gorizia","JAN","population on 1st January","9","total","TOTAL","total","2015","2015",12546,,
"ITD44","Trieste","JAN","population on 1st January","9","total","TOTAL","total","2015","2015",20063,,
"ITD5","Emilia-Romagna","JAN","population on 1st January","9","total","TOTAL","total","2015","2015",536747,,
"ITD51","Piacenza","JAN","population on 1st January","9","total","TOTAL","total","2015","2015",41227,,
"ITD52","Parma","JAN","population on 1st January","9","total","TOTAL","total","2015","2015",59507,,
"ITD53","Reggio nell'Emilia","JAN","population on 1st January","9","total","TOTAL","total","2015","2015",69981,,
"ITD54","Modena","JAN","population on 1st January","9","total","TOTAL","total","2015","2015",92981,,
"ITD55","Bologna","JAN","population on 1st January","9","total","TOTAL","total","2015","2015",115809,,
"ITD56","Ferrara","JAN","population on 1st January","9","total","TOTAL","total","2015","2015",30126,,
"ITD57","Ravenna","JAN","population on 1st January","9","total","TOTAL","total","2015","2015",46712,,
"ITD58","Forlì-Cesena","JAN","population on 1st January","9","total","TOTAL","total","2015","2015",43808,,
"ITD59","Rimini","JAN","population on 1st January","9","total","TOTAL","total","2015","2015",36596,,
"ITE","Centro (I)","JAN","population on 1st January","9","total","TOTAL","total","2015","2015",1275845,,
"ITE1","Toscana","JAN","population on 1st January","9","total","TOTAL","total","2015","2015",395573,,
"ITE11","Massa-Carrara","JAN","population on 1st January","9","total","TOTAL","total","2015","2015",13922,,
"ITE12","Lucca","JAN","population on 1st January","9","total","TOTAL","total","2015","2015",30245,,
"ITE13","Pistoia","JAN","population on 1st January","9","total","TOTAL","total","2015","2015",27510,,
"ITE14","Firenze","JAN","population on 1st January","9","total","TOTAL","total","2015","2015",126694,,
"ITE15","Prato","JAN","population on 1st January","9","total","TOTAL","total","2015","2015",40051,,
"ITE16","Livorno","JAN","population on 1st January","9","total","TOTAL","total","2015","2015",26524,,
"ITE17","Pisa","JAN","population on 1st January","9","total","TOTAL","total","2015","2015",40634,,
"ITE18","Arezzo","JAN","population on 1st January","9","total","TOTAL","total","2015","2015",37786,,
"ITE19","Siena","JAN","population on 1st January","9","total","TOTAL","total","2015","2015",30505,,
"ITE1A","Grosseto","JAN","population on 1st January","9","total","TOTAL","total","2015","2015",21702,,
"ITE2","Umbria","JAN","population on 1st January","9","total","TOTAL","total","2015","2015",98618,,
"ITE21","Perugia","JAN","population on 1st January","9","total","TOTAL","total","2015","2015",75432,,
"ITE22","Terni","JAN","population on 1st January","9","total","TOTAL","total","2015","2015",23186,,
"ITE3","Marche","JAN","population on 1st January","9","total","TOTAL","total","2015","2015",145130,,
"ITE31","Pesaro e Urbino","JAN","population on 1st January","9","total","TOTAL","total","2015","2015",32576,,
"ITE32","Ancona","JAN","population on 1st January","9","total","TOTAL","total","2015","2015",45847,,
"ITE33","Macerata","JAN","population on 1st January","9","total","TOTAL","total","2015","2015",34136,,
"ITE34","Ascoli Piceno","JAN","population on 1st January","9","total","TOTAL","total","2015","2015",14402,,
"ITE4","Lazio","JAN","population on 1st January","9","total","TOTAL","total","2015","2015",636524,,
"ITE41","Viterbo","JAN","population on 1st January","9","total","TOTAL","total","2015","2015",30028,,
"ITE42","Rieti","JAN","population on 1st January","9","total","TOTAL","total","2015","2015",13036,,
"ITE43","Roma","JAN","population on 1st January","9","total","TOTAL","total","2015","2015",523957,,
"ITE44","Latina","JAN","population on 1st January","9","total","TOTAL","total","2015","2015",45749,,
"ITE45","Frosinone","JAN","population on 1st January","9","total","TOTAL","total","2015","2015",23754,,
"ITF","Sud","JAN","population on 1st January","9","total","TOTAL","total","2015","2015",541844,,
"ITF1","Abruzzo","JAN","population on 1st January","9","total","TOTAL","total","2015","2015",86245,,
"ITF11","L'Aquila","JAN","population on 1st January","9","total","TOTAL","total","2015","2015",24357,,
"ITF12","Teramo","JAN","population on 1st January","9","total","TOTAL","total","2015","2015",23940,,
"ITF13","Pescara","JAN","population on 1st January","9","total","TOTAL","total","2015","2015",17753,,
"ITF14","Chieti","JAN","population on 1st January","9","total","TOTAL","total","2015","2015",20195,,
"ITF2","Molise","JAN","population on 1st January","9","total","TOTAL","total","2015","2015",10800,,
"ITF21","Isernia","JAN","population on 1st January","9","total","TOTAL","total","2015","2015",2916,,
"ITF22","Campobasso","JAN","population on 1st January","9","total","TOTAL","total","2015","2015",7884,,
"ITF3","Campania","JAN","population on 1st January","9","total","TOTAL","total","2015","2015",217503,,
"ITF31","Caserta","JAN","population on 1st January","9","total","TOTAL","total","2015","2015",41515,,
"ITF32","Benevento","JAN","population on 1st January","9","total","TOTAL","total","2015","2015",6863,,
"ITF33","Napoli","JAN","population on 1st January","9","total","TOTAL","total","2015","2015",108751,,
"ITF34","Avellino","JAN","population on 1st January","9","total","TOTAL","total","2015","2015",11801,,
"ITF35","Salerno","JAN","population on 1st January","9","total","TOTAL","total","2015","2015",48573,,
"ITF4","Puglia","JAN","population on 1st January","9","total","TOTAL","total","2015","2015",117732,,
"ITF41","Foggia","JAN","population on 1st January","9","total","TOTAL","total","2015","2015",25965,,
"ITF42","Bari","JAN","population on 1st January","9","total","TOTAL","total","2015","2015",39873,,
"ITF43","Taranto","JAN","population on 1st January","9","total","TOTAL","total","2015","2015",11452,,
"ITF44","Brindisi","JAN","population on 1st January","9","total","TOTAL","total","2015","2015",9440,,
"ITF45","Lecce","JAN","population on 1st January","9","total","TOTAL","total","2015","2015",20809,,
"ITF5","Basilicata","JAN","population on 1st January","9","total","TOTAL","total","2015","2015",18210,,
"ITF51","Potenza","JAN","population on 1st January","9","total","TOTAL","total","2015","2015",9527,,
"ITF52","Matera","JAN","population on 1st January","9","total","TOTAL","total","2015","2015",8683,,
"ITF6","Calabria","JAN","population on 1st January","9","total","TOTAL","total","2015","2015",91354,,
"ITF61","Cosenza","JAN","population on 1st January","9","total","TOTAL","total","2015","2015",30275,,
"ITF62","Crotone","JAN","population on 1st January","9","total","TOTAL","total","2015","2015",9063,,
"ITF63","Catanzaro","JAN","population on 1st January","9","total","TOTAL","total","2015","2015",16175,,
"ITF64","Vibo Valentia","JAN","population on 1st January","9","total","TOTAL","total","2015","2015",6712,,
"ITF65","Reggio di Calabria","JAN","population on 1st January","9","total","TOTAL","total","2015","2015",29129,,
"ITG","Isole","JAN","population on 1st January","9","total","TOTAL","total","2015","2015",219195,,
"ITG1","Sicilia","JAN","population on 1st January","9","total","TOTAL","total","2015","2015",174116,,
"ITG11","Trapani","JAN","population on 1st January","9","total","TOTAL","total","2015","2015",16402,,
"ITG12","Palermo","JAN","population on 1st January","9","total","TOTAL","total","2015","2015",35609,,
"ITG13","Messina","JAN","population on 1st January","9","total","TOTAL","total","2015","2015",28094,,
"ITG14","Agrigento","JAN","population on 1st January","9","total","TOTAL","total","2015","2015",13571,,
"ITG15","Caltanissetta","JAN","population on 1st January","9","total","TOTAL","total","2015","2015",8005,,
"ITG16","Enna","JAN","population on 1st January","9","total","TOTAL","total","2015","2015",3152,,
"ITG17","Catania","JAN","population on 1st January","9","total","TOTAL","total","2015","2015",31786,,
"ITG18","Ragusa","JAN","population on 1st January","9","total","TOTAL","total","2015","2015",23978,,
"ITG19","Siracusa","JAN","population on 1st January","9","total","TOTAL","total","2015","2015",13519,,
"ITG2","Sardegna","JAN","population on 1st January","9","total","TOTAL","total","2015","2015",45079,,
"ITG25","Sassari","JAN","population on 1st January","9","total","TOTAL","total","2015","2015",8176,,
"ITG26","Nuoro","JAN","population on 1st January","9","total","TOTAL","total","2015","2015",3839,,
"ITG27","Cagliari","JAN","population on 1st January","9","total","TOTAL","total","2015","2015",14732,,
"ITG28","Oristano","JAN","population on 1st January","9","total","TOTAL","total","2015","2015",2734,,
"ITG29","Olbia-Tempio","JAN","population on 1st January","9","total","TOTAL","total","2015","2015",11549,,
"ITG2A","Ogliastra","JAN","population on 1st January","9","total","TOTAL","total","2015","2015",1001,,
"ITG2B","Medio Campidano","JAN","population on 1st January","9","total","TOTAL","total","2015","2015",1207,,
"ITG2C","Carbonia-Iglesias","JAN","population on 1st January","9","total","TOTAL","total","2015","2015",1841,,
"IT108","Monza e della Brianza","JAN","population on 1st January","9","total","TOTAL","total","2015","2015",74212,,
"IT109","Fermo","JAN","population on 1st January","9","total","TOTAL","total","2015","2015",18169,,
"IT110","Barletta-Andria-Trani","JAN","population on 1st January","9","total","TOTAL","total","2015","2015",10193,,
